{"cameraMode":{"drawMode":0,"name":"Shaded","section":"Shading Mode"},"sceneLighting":true,"audioPlay":false,"sceneViewState":{"m_AlwaysRefresh":false,"showFog":true,"showSkybox":true,"showFlares":true,"showImageEffects":true,"showParticleSystems":true,"showVisualEffectGraphs":true,"m_FxEnabled":true},"in2DMode":false,"pivot":{"x":-7.943418502807617,"y":2.1992361545562746,"z":27.538654327392579},"rotation":{"x":-0.04606912285089493,"y":0.9445459246635437,"z":-0.2878512144088745,"w":-0.15116991102695466},"size":2.5547308921813967,"orthographic":false}