{"cameraMode":{"drawMode":0,"name":"Shaded","section":"Shading Mode"},"sceneLighting":true,"audioPlay":false,"sceneViewState":{"m_AlwaysRefresh":false,"showFog":true,"showSkybox":true,"showFlares":true,"showImageEffects":true,"showParticleSystems":true,"showVisualEffectGraphs":true,"m_FxEnabled":true},"in2DMode":false,"pivot":{"x":1.9411637783050538,"y":-4.647922039031982,"z":15.733819961547852},"rotation":{"x":-0.21467415988445283,"y":0.11164478957653046,"z":-0.02470940537750721,"w":-0.9699693918228149},"size":10.954182624816895,"orthographic":false}