{"cameraMode":{"drawMode":0,"name":"Shaded","section":"Shading Mode"},"sceneLighting":true,"audioPlay":false,"sceneViewState":{"m_AlwaysRefresh":false,"showFog":true,"showSkybox":true,"showFlares":true,"showImageEffects":true,"showParticleSystems":true,"showVisualEffectGraphs":true,"m_FxEnabled":true},"in2DMode":false,"pivot":{"x":-3.1814818382263185,"y":-4.633486747741699,"z":5.126865386962891},"rotation":{"x":0.0003262621467001736,"y":0.9835196137428284,"z":-0.18080978095531465,"w":0.001771434093825519},"size":0.9926239848136902,"orthographic":false}